<manifest alg="2" build="2015.0.1.310" opt="true" iceEnabled="true" iceMarkupVersion="2" exportTarget="other" domain="www.new_nrcv.com" resolutions="1x" timestamp="1534687460460">
  <folder name="css">
    <file name="site_global.css" crc="4143899071"/>
    <file name="master_a-master.css" crc="483017547" ref="contact-us:workshops:courses-next-sem:faculty:special-programs:projects-offered:phd-students:outreach:index:feedback-of-courses:publications:yearly-archives:about:cpc:focus-areas:academics:invited-lectures:phd-program:events:conferences:courses-last-sem"/>
    <file name="contact-us.css" crc="402577514" ref="contact-us"/>
    <file name="workshops.css" crc="3980630061" ref="workshops"/>
    <file name="courses-next-sem.css" crc="4053141301" ref="courses-next-sem"/>
    <file name="faculty.css" crc="4278056036" ref="faculty"/>
    <file name="special-programs.css" crc="11542912" ref="special-programs"/>
    <file name="projects-offered.css" crc="3838999981" ref="projects-offered"/>
    <file name="phd-students.css" crc="178947191" ref="phd-students"/>
    <file name="outreach.css" crc="3968481154" ref="outreach"/>
    <file name="index.css" crc="4030690193" ref="index"/>
    <file name="feedback-of-courses.css" crc="91080963" ref="feedback-of-courses"/>
    <file name="publications.css" crc="3771989797" ref="publications"/>
    <file name="yearly-archives.css" crc="366974272" ref="yearly-archives"/>
    <file name="about.css" crc="4142268392" ref="about"/>
    <file name="cpc.css" crc="419890783" ref="cpc"/>
    <file name="focus-areas.css" crc="4263912030" ref="focus-areas"/>
    <file name="academics.css" crc="4277297705" ref="academics"/>
    <file name="invited-lectures.css" crc="4181499560" ref="invited-lectures"/>
    <file name="phd-program.css" crc="29399490" ref="phd-program"/>
    <file name="events.css" crc="92414456" ref="events"/>
    <file name="conferences.css" crc="3938117435" ref="conferences"/>
    <file name="courses-last-sem.css" crc="17908683" ref="courses-last-sem"/>
  </folder>
  <folder name="assets">
    <file name="adinarayanan-iitd-inner-development-course-plan.pdf" crc="449552420" seo="true" mt="1531352096000"/>
    <file name="vev741_yogic_neuroscience.pdf" crc="77358056" seo="true" mt="1531352104000"/>
    <file name="vev733_socraticmethod.pdf" crc="508102282" seo="true" mt="1531352102000"/>
    <file name="vev732-drbijlani-course.pdf" crc="11948627" seo="true" mt="1531352100000"/>
  </folder>
  <folder name="scripts">
    <file name="jquery-1.8.3.min.js" crc="4183747535" ref="index:about:academics:events:contact-us:faculty:phd-students:publications:focus-areas:phd-program:courses-last-sem:courses-next-sem:projects-offered:feedback-of-courses:cpc:invited-lectures:conferences:workshops:special-programs:outreach:yearly-archives"/>
    <file name="museutils.js" crc="334180058" ref="index:about:academics:events:contact-us:faculty:phd-students:publications:focus-areas:phd-program:courses-last-sem:courses-next-sem:projects-offered:feedback-of-courses:cpc:invited-lectures:conferences:workshops:special-programs:outreach:yearly-archives"/>
    <file name="jquery.watch.js" crc="293013060" ref="index:about:academics:events:contact-us:faculty:phd-students:publications:focus-areas:phd-program:courses-last-sem:courses-next-sem:projects-offered:feedback-of-courses:cpc:invited-lectures:conferences:workshops:special-programs:outreach:yearly-archives"/>
    <file name="pie.js" crc="3827607177" ref="index"/>
    <file name="jquery.musemenu.js" crc="315128729" ref="index:about:academics:events:contact-us:faculty:phd-students:publications:focus-areas:phd-program:courses-last-sem:courses-next-sem:projects-offered:feedback-of-courses:cpc:invited-lectures:conferences:workshops:special-programs:outreach:yearly-archives"/>
    <file name="webpro.js" crc="7309900" ref="index:contact-us"/>
    <file name="musewpslideshow.js" crc="4149944274" ref="index"/>
    <file name="jquery.museoverlay.js" crc="4282111687" ref="index"/>
    <file name="touchswipe.js" crc="526709374" ref="index"/>
    <file name="html5shiv.js" crc="4241844378" ref="index:about:academics:events:contact-us:faculty:phd-students:publications:focus-areas:phd-program:courses-last-sem:courses-next-sem:projects-offered:feedback-of-courses:cpc:invited-lectures:conferences:workshops:special-programs:outreach:yearly-archives"/>
    <file name="form_check.php" crc="481505460" ref="contact-us"/>
    <file name="form_throttle.php" crc="190635071" ref="contact-us"/>
    <file name="form_process.php" crc="3869018311" ref="contact-us"/>
    <file name="form-u2056.php" crc="394227124" ref="contact-us"/>
  </folder>
  <folder name="images">
    <file name="favicon.ico" crc="3852930774" ref="index"/>
    <file name="logo.png" crc="4266460497" seo="true" ref="index:about:academics:events:contact-us:faculty:phd-students:publications:focus-areas:phd-program:courses-last-sem:courses-next-sem:projects-offered:feedback-of-courses:cpc:invited-lectures:conferences:workshops:special-programs:outreach:yearly-archives"/>
    <file name="_dsc0022_00001.jpg" crc="4248787574" seo="true" ref="index"/>
    <file name="blank.gif" crc="4208392903" ref="index"/>
    <file name="_dsc0171.jpg" crc="213480320" seo="true" ref="index"/>
    <file name="_dsc0284.jpg" crc="265101914" seo="true" ref="index"/>
    <file name="_dsc0063_00001_01.jpg" crc="4128892157" seo="true" ref="index"/>
    <file name="dsc_1147.jpg" crc="3837543389" seo="true" ref="index"/>
    <file name="loading.gif" crc="3815509949" ref="index"/>
    <file name="pasted image 2896x1153.jpg" crc="3869531894" seo="true" ref="about"/>
    <file name="u2066-17.png" crc="311828129" ref="contact-us"/>
    <file name="u2066-17-r.png" crc="3844863548" ref="contact-us"/>
    <file name="u2066-17-m.png" crc="446077895" ref="contact-us"/>
    <file name="u2066-17-fs.png" crc="51175883" ref="contact-us"/>
    <file name="pasted image 191x264.jpg" crc="202016503" seo="true" ref="faculty"/>
    <file name="pasted image 110x120.jpg" crc="90021320" seo="true" ref="faculty"/>
    <file name="pasted image 194x259.jpg" crc="4112163884" seo="true" ref="faculty"/>
    <file name="pasted image 800x1067.jpg" crc="446030250" seo="true" ref="faculty"/>
    <file name="pasted image 183x275.jpg" crc="4074128010" seo="true" ref="faculty"/>
    <file name="pasted image 413x329.jpg" crc="3941290439" seo="true" ref="faculty"/>
    <file name="pasted image 419x394.jpg" crc="3857407145" seo="true" ref="faculty"/>
    <file name="pasted image 389x314.jpg" crc="4141602520" seo="true" ref="faculty"/>
    <file name="image002.jpg" crc="439133942" seo="true" ref="faculty"/>
    <file name="amitjain.jpg" crc="3796636443" seo="true" ref="faculty"/>
    <file name="jyotikumar.jpg" crc="4090715577" seo="true" ref="faculty"/>
    <file name="profile1.jpg" crc="59246893" seo="true" ref="faculty"/>
    <file name="prathosh.jpg" crc="113411775" seo="true" ref="faculty"/>
    <file name="myphoto.png" crc="273000071" seo="true" ref="faculty"/>
    <file name="sssatya.jpg" crc="11016535" seo="true" ref="faculty"/>
    <file name="pasted image 190x265.jpg" crc="214645417" seo="true" ref="faculty"/>
    <file name="pasted image 200x235.jpg" crc="3972200822" seo="true" ref="faculty"/>
    <file name="pasted image 170x194.jpg" crc="477174716" seo="true" ref="faculty"/>
    <file name="pasted image 205x246.jpg" crc="192299456" seo="true" ref="faculty"/>
    <file name="pasted image 200x200.jpg" crc="4095282064" seo="true" ref="faculty"/>
    <file name="pasted image 160x160.jpg" crc="3948845825" seo="true" ref="faculty"/>
    <file name="pasted image 221x228.jpg" crc="123955946" seo="true" ref="faculty"/>
    <file name="pasted image 209x242.jpg" crc="4056291071" seo="true" ref="faculty"/>
    <file name="pasted image 226x223.jpg" crc="490311247" seo="true" ref="faculty"/>
    <file name="pasted image 259x194.jpg" crc="333159334" seo="true" ref="faculty"/>
    <file name="pasted image 189x236.jpg" crc="4208283268" seo="true" ref="faculty"/>
    <file name="pasted image 225x225.jpg" crc="4277698156" seo="true" ref="faculty"/>
    <file name="pasted image 198x255.jpg" crc="123123460" seo="true" ref="faculty"/>
    <file name="pasted image 259x1942.jpg" crc="43953433" seo="true" ref="faculty"/>
    <file name="pasted image 183x2752.jpg" crc="4115401088" seo="true" ref="faculty"/>
    <file name="pasted image 173x130.jpg" crc="93959912" seo="true" ref="faculty"/>
    <file name="pasted image 211x238.jpg" crc="524381628" seo="true" ref="faculty"/>
    <file name="pasted image 200x2002.jpg" crc="85690763" seo="true" ref="faculty"/>
    <file name="pasted image 110x1202.jpg" crc="4031136390" seo="true" ref="faculty"/>
    <file name="pasted image 196x257.jpg" crc="4182195813" seo="true" ref="faculty"/>
    <file name="pasted image 225x2252.jpg" crc="187686252" seo="true" ref="faculty"/>
    <file name="pasted image 512x512.jpg" crc="3855631183" seo="true" ref="faculty"/>
    <file name="pasted image 512x5122.jpg" crc="3901557368" seo="true" ref="faculty"/>
    <file name="pasted image 193x258.jpg" crc="496621511" seo="true" ref="faculty"/>
    <file name="pasted image 183x2753.jpg" crc="4092396790" seo="true" ref="faculty"/>
    <file name="pasted image 110x1203.jpg" crc="121701622" seo="true" ref="faculty"/>
    <file name="pasted image 199x253.jpg" crc="3805364414" seo="true" ref="faculty"/>
    <file name="pasted image 1423x949.jpg" crc="3989223044" seo="true" ref="focus-areas"/>
    <file name="pasted image 1423x9492.jpg" crc="470446920" seo="true" ref="focus-areas"/>
    <file name="pasted image 1423x9493.jpg" crc="280969243" seo="true" ref="focus-areas"/>
    <file name="pasted image 398x388.jpg" crc="98417137" seo="true" ref="feedback-of-courses"/>
    <file name="pasted image 384x393.jpg" crc="4248543224" seo="true" ref="feedback-of-courses"/>
    <file name="pasted image 457x525.jpg" crc="3968797684" seo="true" ref="feedback-of-courses"/>
    <file name="pasted image 431x397.jpg" crc="4063569382" seo="true" ref="feedback-of-courses"/>
    <file name="pasted image 376x410.jpg" crc="3816454696" seo="true" ref="feedback-of-courses"/>
    <file name="pasted image 410x490.jpg" crc="126650617" seo="true" ref="feedback-of-courses"/>
    <file name="pasted image 391x387.jpg" crc="270619089" seo="true" ref="feedback-of-courses"/>
    <file name="pasted image 369x406.jpg" crc="3904487902" seo="true" ref="feedback-of-courses"/>
    <file name="pasted image 399x488.jpg" crc="277062302" seo="true" ref="feedback-of-courses"/>
    <file name="pasted image 388x386.jpg" crc="3908110937" seo="true" ref="feedback-of-courses"/>
    <file name="pasted image 383x400.jpg" crc="417658370" seo="true" ref="feedback-of-courses"/>
    <file name="pasted image 391x479.jpg" crc="10595858" seo="true" ref="feedback-of-courses"/>
    <file name="white.jpg" crc="4074082694" seo="true" ref="invited-lectures"/>
  </folder>
  <file name="index.html" crc="4249480924" seo="true" mt="1534506141923" redirect="true"/>
  <file name="about.html" crc="298622641" seo="true" mt="1534506141923" redirect="true"/>
  <file name="academics.html" crc="4023676523" seo="true" mt="1534506141923" redirect="true"/>
  <file name="events.html" crc="214650548" seo="true" mt="1534506141923" redirect="true"/>
  <file name="contact-us.html" crc="4134966904" seo="true" mt="1534506141923" redirect="true"/>
  <file name="faculty.html" crc="180074931" seo="true" mt="1534506141923" redirect="true"/>
  <file name="phd-students.html" crc="257470437" seo="true" mt="1534506141923" redirect="true"/>
  <file name="publications.html" crc="74004554" seo="true" mt="1534506141923" redirect="true"/>
  <file name="focus-areas.html" crc="3923694003" seo="true" mt="1534506141923" redirect="true"/>
  <file name="phd-program.html" crc="3868376844" seo="true" mt="1534506141923" redirect="true"/>
  <file name="courses-last-sem.html" crc="4242978275" seo="true" mt="1534506141923" redirect="true"/>
  <file name="courses-next-sem.html" crc="4102624568" seo="true" mt="1534506141923" redirect="true"/>
  <file name="projects-offered.html" crc="4202259753" seo="true" mt="1534506141923" redirect="true"/>
  <file name="feedback-of-courses.html" crc="365818116" seo="true" mt="1534506141923" redirect="true"/>
  <file name="cpc.html" crc="175099533" seo="true" mt="1534506141923" redirect="true"/>
  <file name="invited-lectures.html" crc="185802060" seo="true" mt="1534506141923" redirect="true"/>
  <file name="conferences.html" crc="4005904942" seo="true" mt="1534506141923" redirect="true"/>
  <file name="workshops.html" crc="502410447" seo="true" mt="1534506141923" redirect="true"/>
  <file name="special-programs.html" crc="4035148330" seo="true" mt="1534506141923" redirect="true"/>
  <file name="outreach.html" crc="4058722728" seo="true" mt="1534506141923" redirect="true"/>
  <file name="yearly-archives.html" crc="510728172" seo="true" mt="1534506141923" redirect="true"/>
</manifest>